Need help pleese,commonQ.assist
Need help,commonQ.assist
I need some info,commonQ.assist
Will you help me?,commonQ.assist
What else can you do?,commonQ.assist
What do you do?,commonQ.assist
What can you help me with?,commonQ.assist
What can you do?,commonQ.assist
What are you good at?,commonQ.assist
Need help plz,commonQ.assist
How can you help me,commonQ.assist
Can you help me?,commonQ.assist
How can you assist?,commonQ.assist
How can you help me?,commonQ.assist
How do you help?,commonQ.assist
How to help you?,commonQ.assist
How will you assist me?,commonQ.assist
i need help,commonQ.assist
Can you tell some info,commonQ.assist
Help me please,commonQ.assist
Is this a bot?,commonQ.bot
Is there a bot chatting to me?,commonQ.bot
Is it automated message?,commonQ.bot
Computer based pely,commonQ.bot
Bot or human?,commonQ.bot
Bot is chatting with me?,commonQ.bot
Are you system generated message?,commonQ.bot
Are you robot?,commonQ.bot
Are you machine?,commonQ.bot
Are you just computer?,commonQ.bot
Are you a robot?,commonQ.bot
Are you a person?,commonQ.bot
Are you a machine?,commonQ.bot
Are you a chatbot?,commonQ.bot
Are you a bot?,commonQ.bot
Are these automated messages?,commonQ.bot
Am I talking to a bot?,commonQ.bot
You are a boy are girl?,commonQ.bot
You are a bot or human?,commonQ.bot
This is a machine?,commonQ.bot
This is a chatbot?,commonQ.bot
System generated reply,commonQ.bot
Sir you system genretrd,commonQ.bot
Is this computer based response,commonQ.bot
Is this a machine?,commonQ.bot
Are you a human?,commonQ.bot
Hows life?,commonQ.how
How was your day?,commonQ.how
How you doin?,commonQ.how
Whats up?,commonQ.how
What's happening?,commonQ.how
Kya chal raha?,commonQ.how
Wassup?,commonQ.how
How you doing?,commonQ.how
Are you fine?,commonQ.how
Are you good?,commonQ.how
How are you?,commonQ.how
How are you doing?,commonQ.how
Only providing my number,commonQ.just_details
Only providing my email,commonQ.just_details
Only providing my contact details,commonQ.just_details
Only here to give my contact,commonQ.just_details
i am just here to provide my number,commonQ.just_details
i am just here to provide my details,commonQ.just_details
Who are youu?,commonQ.name
What can I call you?,commonQ.name
Your name?,commonQ.name
Can you tell me your name?,commonQ.name
Are you there?,commonQ.name
Any one there?,commonQ.name
What is your name?,commonQ.name
are you abir?,commonQ.name
Is anyone there?,commonQ.name
Your name is?,commonQ.name
Who is chatting?,commonQ.name
Tell me about your self?,commonQ.name
Who are you?,commonQ.name
Who am I chatting with?,commonQ.name
What's your name?,commonQ.name
What should I say as your name?,commonQ.name
Tell me your name?,commonQ.name
What are you called?,commonQ.name
No I will not give the information.,commonQ.not_giving
No. Cannot give you.,commonQ.not_giving
I don't want to tell,commonQ.not_giving
I don't want to,commonQ.not_giving
I don't think so,commonQ.not_giving
Don't have it as of now.,commonQ.not_giving
Cannot tell you,commonQ.not_giving
Won't tell,commonQ.not_giving
Won't give you,commonQ.not_giving
Sorry but I won't,commonQ.not_giving
Right now I don't have it.,commonQ.not_giving
I have a question,commonQ.query
Need to aska query,commonQ.query
I have a question for you,commonQ.query
HAving a query,commonQ.query
I have a query for you,commonQ.query
I have a query,commonQ.query
Have a query for you,commonQ.query
Wait for two minutes,commonQ.wait
will you please wait,commonQ.wait
Can you  please wait,commonQ.wait
Please wait,commonQ.wait
Wait for some time,commonQ.wait
Want you to wait for me,commonQ.wait
Can you wait for two minutes,commonQ.wait
Connect me to the support of abcd company,contact.contact
I want a call back from you,contact.contact
Please tell me your tollfree number ?,contact.contact
Please tell me your mobile number?,contact.contact
Address of your company?,contact.contact
Address of abcd company?,contact.contact
How to reach out to abcd company team?,contact.contact
How to get in touch with your team?,contact.contact
Your team can be reached how?,contact.contact
Your helpline number?,contact.contact
Your company's address?,contact.contact
How to meet you,contact.contact
Your email address to reach?,contact.contact
You have any branch at kolkata?,contact.contact
How contact representative?,contact.contact
How do i contact you?,contact.contact
How to get in touch with the your team?,contact.contact
How to contact you?,contact.contact
What is your helpline number?,contact.contact
Which number I should call to reach you?,contact.contact
Which number can I call to discuss?,contact.contact
Which email should I use to reach to you?,contact.contact
Which email I must use to reach to you?,contact.contact
Give me your number need to speak,contact.contact
Give me your mobile no,contact.contact
Give me the mobile number and i will call you,contact.contact
Email I must use to co-ordinate with you,contact.contact
Getting in touch,contact.contact
I need help. Connect me with support.,contact.contact
Need a telephonic call,contact.contact
Need a person to chat with me,contact.contact
Need human agent,contact.contact
Need customer care,contact.contact
Guide me please regarding the loan?,contact.contact
Contact me on my personal number 9999999999,contact.contact
Did not solved my query,contact.contact
Contact me please,contact.contact
Guide me please,contact.contact
Call me later,contact.contact
Call me at my phone number?,contact.contact
999999999 call me now,contact.contact
arrange call for me,contact.contact
call me at my number,contact.contact
Should I get a call back tomorrow?,contact.contact
Can I call tomorrow?,contact.contact
Contact me at my mobile number,contact.contact
Call on the mobile number 9999999999,contact.contact
Call on my phone number 9999999999,contact.contact
Contact me at my phone number,contact.contact
Call on 9999999999 now,contact.contact
Please get me human to solve my query?,contact.contact
Please call me on my number,contact.contact
Want a person to chat,contact.contact
Please contact me now,contact.contact
Call me on my number,contact.contact
Want to chat with a person,contact.contact
What is your email ID?,contact.contact
Need to speak to an executive,contact.contact
Need to get in touch with the your team?,contact.contact
Need to contact customer care.,contact.contact
Need to contact customer care agent.,contact.contact
Need to contact customer care executive,contact.contact
Need to contact customer care agent now please,contact.contact
In which number should I reach to you?,contact.contact
In which number can I reach your team?,contact.contact
In which email to reach you?,contact.contact
How to reach you ?,contact.contact
can i meet any one in bank?,contact.contact
Can I please contact customer care?,contact.contact
can u tell me your Email id ?,contact.contact
Can you provide executive number help,contact.contact
Can you share the contact details of the support,contact.contact
Need to contact you guys,contact.contact
Need to get in touch with the Simpler Loan team?,contact.contact
can i get phone number of your company,contact.contact
Can I get a telephonic call?,contact.contact
I wan to speak to executive,contact.contact
Is it possible to meet any one in bank,contact.contact
I want to speak with you,contact.contact
I want to contact concerned people.,contact.contact
I want to contact your team,contact.contact
I want to tak to you,contact.contact
I want to talk to customer care executive,contact.contact
How to reach out to your team?,contact.contact
Email I can use to reach you?,contact.contact
Do you have any branch?,contact.contact
Customer support?,contact.contact
Customer service?,contact.contact
Please call me at my number,contact.contact
No answering correctly,contact.contact
Need to contact your team,contact.contact
Need to contact human,contact.contact
How to get in touch with customer service?,contact.contact
What is your customer care no. ?,contact.contact
Number I can call to discuss,contact.contact
What is your toll free number,contact.contact
What's the Email ID of abcd company,contact.contact
Where are your branches?,contact.contact
Where is your office located?,contact.contact
Where is your office?,contact.contact
Kindle send you are mobile no or email IDentification,contact.contact
i wish to talk with representative,contact.contact
Kindly send you are customer care no,contact.contact
Let me speak with an executive,contact.contact
Need to contact concerned persons,contact.contact
Want to meet your executive,contact.contact
want to talk to executive,contact.contact
What are the customer care contact?,contact.contact
What is email ID of your company?,contact.contact
What is the toll free number of abcd company,contact.contact
What is the toll free number,contact.contact
What is the nearest branch?,contact.contact
What is the email address to reach you?,contact.contact
How can the the your team be reached?,contact.contact
How can the abcd company team be reached?,contact.contact
How can I speak to an executive,contact.contact
How can I reach your team for a query?,contact.contact
How can I contact you?,contact.contact
Give your contact number.,contact.contact
abcd company team can be reached how?,contact.contact
abcd company email address?,contact.contact
abcd company office is located where?,contact.contact
Any branch at delhi?,contact.contact
Want to meet the executive for loan information,contact.contact
Want to communicate. So give me your number,contact.contact
To reach you which email address?,contact.contact
Tell me the number in which I could reach?,contact.contact
Please send you are number,contact.contact
Please provide phone no.,contact.contact
Please provide me the to contact person,contact.contact
Pease tell mobile number. I need to speak,contact.contact
Please provide me the real person,contact.contact
Please give your mobile no or email ID,contact.contact
Number to reach you,contact.contact
Need to chat with human,contact.contact
i want to know your office address in punjab?,contact.contact
Lost Aadhaar,faq.aadhaar_missing
"I currently don't have Aadhaar card, What can I do?",faq.aadhaar_missing
I do not have aadhaar card can I apply for loan,faq.aadhaar_missing
i do not have addhar card can I get loan,faq.aadhaar_missing
I do not have an Aadhaar Card. What should I do?,faq.aadhaar_missing
If Aadhaar card goes missing would I be able to give my application?,faq.aadhaar_missing
If my Aadhaar card is lost can I still submit my application?,faq.aadhaar_missing
I lost my aadhaar can I still apply?,faq.aadhaar_missing
Is Aadhaar card mandatory for filling the loan application?,faq.aadhaar_missing
Is it compulsory to give Aadhaar card for the sanction of this loan?,faq.aadhaar_missing
Is it mandatory to give Aadhaar card for loan?,faq.aadhaar_missing
No Aadhaar,faq.aadhaar_missing
No Aadhaar. Can I apply?,faq.aadhaar_missing
No aadhaar. Can I still get the loan?,faq.aadhaar_missing
No aadhaar here. Can I still get a loan?,faq.aadhaar_missing
No aadhaar here. Can I submit application?,faq.aadhaar_missing
Not having aadhaar. What to do?,faq.aadhaar_missing
Without the aadhaar get I still get loan?,faq.aadhaar_missing
Without having Aadhaar card can I submit my application?,faq.aadhaar_missing
What should I do if i don't have Aadhaar card?,faq.aadhaar_missing
What can I do if I lost Aadhaar card?,faq.aadhaar_missing
What can I do if I don't have Aadhaar card?,faq.aadhaar_missing
What are my options if I don't have the  Aadhaar card?,faq.aadhaar_missing
Tell me can you give me a loan without the Aadhaar card?,faq.aadhaar_missing
Aadhaar card is lost can I still submit my application?,faq.aadhaar_missing
Aadhaar card is missing.,faq.aadhaar_missing
"Aadhaar card is missing, What to do?",faq.aadhaar_missing
"Aadhaar is lost, what else can I do?",faq.aadhaar_missing
can I apply for loan even if I do not have addhar card?,faq.aadhaar_missing
Can I apply without having Aadhaar card?,faq.aadhaar_missing
Can I get loan without the Aadhaar card?,faq.aadhaar_missing
Can I still get loan even without aadhaar?,faq.aadhaar_missing
Can I submit my application even if I dont have Aadhaar card,faq.aadhaar_missing
"Don't have Aadhaar card, Tell me what should I do?",faq.aadhaar_missing
How to get loan without Aadhaar card?,faq.aadhaar_missing
What address proof can I provide?,faq.address_proof
Types of address proofs I can give?,faq.address_proof
The types of proofs of address. Which I can give.,faq.address_proof
The proofs of address that I need to submit.,faq.address_proof
The business address proofs I can upload in the application?,faq.address_proof
The bills to be uploaded for proving the address?,faq.address_proof
The address proofs that can be uploaded in application?,faq.address_proof
The address proofs that are needed in this application?,faq.address_proof
Need to provide which address proofs?,faq.address_proof
In application which address proofs can be uploaded?,faq.address_proof
For proving the address what is the proofs I can upload?,faq.address_proof
For proving my address what address I need to give?,faq.address_proof
For proof of my address which bills do you need?,faq.address_proof
For address proof what bills can I upload?,faq.address_proof
For address proof what bills can Igive?,faq.address_proof
The personal address information I can upload in the application?,faq.address_proof
personal address proofs I'll have to provide?,faq.address_proof
personal address proofs I need to give?,faq.address_proof
personal address proofs I need to upload?,faq.address_proof
Please tell me what are different personal address proofs I can upload in this application?,faq.address_proof
Personal proofs to be added in application?,faq.address_proof
Personal proofs added on application?,faq.address_proof
Tell me what are the personal address proofs I can upload in the application?,faq.address_proof
Which personal address proofs can I upload in the application?,faq.address_proof
What types of personal address proofs can I provide?,faq.address_proof
What types of personal address information can I upload as part of the application?,faq.address_proof
What personal address can I give for my address,faq.address_proof
What are the personal address proofs I can upload in the application?,faq.address_proof
The personal address proofs I can upload in the application?,faq.address_proof
Address information I can upload in the application?,faq.address_proof
Address proof I have to provide,faq.address_proof
Address proofs I can upload in the application?,faq.address_proof
Address proofs I'll have to provide?,faq.address_proof
Address proofs I need to give?,faq.address_proof
Address proofs I need to upload?,faq.address_proof
Bills for proof of address?,faq.address_proof
Bills I can give for address proof?,faq.address_proof
Bills I can upload for proof of my address?,faq.address_proof
Bills that I can give for the address proof?,faq.address_proof
Bills to give for proof of address?,faq.address_proof
Bills to give for proving the address,faq.address_proof
Bills you need to address proof?,faq.address_proof
personal address proofs can I give in the application?,faq.address_proof
personal address information I can upload in the application?,faq.address_proof
For the application what are the personal adresss information I can upload?,faq.address_proof
Different personal address proofs I can upload in this loan application?,faq.address_proof
In loan application what are diifferent personal address proofs ?,faq.address_proof
home or personal address proofs can I upload as part of the application?,faq.address_proof
For the application what are the personal adresss proofs I can upload?,faq.address_proof
Which address proof should I give to you?,faq.address_proof
Which address proofs do I need to provide?,faq.address_proof
Which address proofs do I need to give?,faq.address_proof
Which address proof do you need from me?,faq.address_proof
What to upload for proving my address?,faq.address_proof
what bills to give for address proof?,faq.address_proof
What are the types of address proofs I need to give?,faq.address_proof
What address proofs are accepted?,faq.address_proof
Types of address proofs that can be uploaded?,faq.address_proof
Personal address proofs can I provide in loan application?,faq.address_proof
Process of application process for getiing the loan?,faq.application_process
Process of abcd company direct applying?,faq.application_process
Process of abcd company direct application process for getiing the loan?,faq.application_process
Process of abcd company direct application?,faq.application_process
Process for applying for this loan?,faq.application_process
Process for applying for abcd company direct?,faq.application_process
Procedure to take loan?,faq.application_process
Procedure to have finance?,faq.application_process
procedure to get finance for business?,faq.application_process
procedure to get finance?,faq.application_process
Procedure to apply for loan?,faq.application_process
procedure of this loan application procedure for getiing the loan?,faq.application_process
Please tell How can I apply for abcd company direct?,faq.application_process
Please tell me the process for getting the loan?,faq.application_process
Please tell me the process in order to apply for abcd company direct?,faq.application_process
Please tell me the ways for applying for abcd company direct?,faq.application_process
procedure of abcd company direct application procedure for getting the loan?,faq.application_process
Procedure for loan sanction,faq.application_process
procedure for applying for simplerloan?,faq.application_process
procedure for applying for abcd company direct?,faq.application_process
Please tell the process of abcd company direct application to get loan?,faq.application_process
Please tell the process for registering abcd company direct?,faq.application_process
Please tell the process for applying this loan?,faq.application_process
Please tell the process for applying abcd company direct?,faq.application_process
Please tell the procedure of this loan application to get loan?,faq.application_process
Please tell the procedure of application to get loan?,faq.application_process
Please tell the procedure of abcd company direct application to get loan?,faq.application_process
Can you please tell me the process of abcd company direct application?,faq.application_process
Can you please tell me what are the ways to apply for abcd company direct?,faq.application_process
Can you please tell me what are the ways to register for abcd company direct?,faq.application_process
For sanction of loan what is the process?,faq.application_process
For taking the loan what is the process?,faq.application_process
For the loan requirement what is the process?,faq.application_process
Guide me the loan process,faq.application_process
Please tell the procedure for applying abcd company direct?,faq.application_process
Please tell me the ways for registering for abcd company direct?,faq.application_process
Can you please tell me the procedure of this loan application?,faq.application_process
I want Business loan for amount 2 lacks how can I proceed?,faq.application_process
I want Business loan for amount 2 lacks how to proceed?,faq.application_process
Would like to know how can I get loan?,faq.application_process
With the process of loan please guide me,faq.application_process
Where can I register for a abcd company direct?,faq.application_process
Where can I apply for a abcd company direct?,faq.application_process
this loan moblie application process?,faq.application_process
To get loan how to I sign up?,faq.application_process
how to get loan,faq.application_process
How to fill the loan application,faq.application_process
How to fill the application?,faq.application_process
How to do the loan application?,faq.application_process
How to apply for loan ?,faq.application_process
how to apply for loan,faq.application_process
How to apply for business loan?,faq.application_process
How to apply for abcd company direct loan?,faq.application_process
How to apply?,faq.application_process
How I will get loan?,faq.application_process
How is the process to apply for this loan?,faq.application_process
I want to know the procedure for loan,faq.application_process
Can you please tell me the procedure of application?,faq.application_process
Can you please tell me process for the loan?,faq.application_process
Can you please tell me about process of abcd company direct application?,faq.application_process
Can you please tell me about procedure of abcd company direct application?,faq.application_process
CAn I get your application form?,faq.application_process
As I want a new loan what is the procedure for that?,faq.application_process
abcd company direct registering process?,faq.application_process
abcd company direct online applying process?,faq.application_process
abcd company direct online applying procedure?,faq.application_process
abcd company direct moblie application process?,faq.application_process
abcd company direct moblie application procedure?,faq.application_process
abcd company direct applying process?,faq.application_process
abcd company direct applying procedure?,faq.application_process
abcd company direct applying how?,faq.application_process
abcd company direct apply,faq.application_process
abcd company direct application process?,faq.application_process
abcd company direct application procedure?,faq.application_process
How do I proceed for loan,faq.application_process
How to proceed for loan,faq.application_process
How should I proceed for loan?,faq.application_process
I want to know how does this application work?,faq.application_process
I want loan what's the process?,faq.application_process
I need to know what is process of loan for a new business,faq.application_process
I need loan tell me the process?,faq.application_process
I need loan so what is the process?,faq.application_process
I need a loan. How to get it??,faq.application_process
"I have a business, what is the paper work for taking this loan facility?",faq.application_process
How would one apply for abcd company direct?,faq.application_process
How will I get loan?,faq.application_process
What's the abcd company direct applying procedure for taking the loan?,faq.application_process
What's the abcd company direct applying process for taking the loan?,faq.application_process
What's the applying process for the loan?,faq.application_process
What's the loan process?,faq.application_process
Whats the loan process?,faq.application_process
What's the procedure for applying abcd company direct?,faq.application_process
What's the procedure for registering abcd company direct?,faq.application_process
What's the procedure to start new businesses?,faq.application_process
What's the process for applying this loan?,faq.application_process
What's the process for registering abcd company direct?,faq.application_process
What to do for loan application?,faq.application_process
Help me with the loan procedure,faq.application_process
Guide me through the process of loan?,faq.application_process
How apply for abcd company direct loan?,faq.application_process
How will get loan,faq.application_process
How to start application for loan?,faq.application_process
How to I sign up to get the loan,faq.application_process
How to I sign up for the process of loan,faq.application_process
Can you please tell me the process?,faq.application_process
To get this loan ewhta is the procss?,faq.application_process
want to know how is the application process?,faq.application_process
Want to know procedure for loan?,faq.application_process
Want to know the application procedure,faq.application_process
want to know the procedure for application,faq.application_process
Want to know the procedure of this loan?,faq.application_process
Want to know the process of loan application,faq.application_process
Want to know the process to start new business,faq.application_process
What are steps to get the loan?,faq.application_process
How to I sign up for the loan,faq.application_process
How to I sign up,faq.application_process
How to get the loan?,faq.application_process
What's the process for applying abcd company direct?,faq.application_process
What are the details to apply for the loan?,faq.application_process
What are the ways to apply for abcd company direct?,faq.application_process
What are the ways to register for abcd company direct?,faq.application_process
What is Loan procedure?,faq.application_process
What is the application process?,faq.application_process
What is the applying process?,faq.application_process
What is the procedure for this loan?,faq.application_process
What is the procedure to get finance,faq.application_process
What is the process and paper work for taking this loan?,faq.application_process
What is the process for getting finance?,faq.application_process
What is the process for getting the loan?,faq.application_process
What is the process for the sanction of loan?,faq.application_process
What is the process of applying for abcd company direct?,faq.application_process
What is the process of applying for this loan?,faq.application_process
What is the process of registering for abcd company direct?,faq.application_process
What is the process of taking the loan?,faq.application_process
What is the process to apply for abcd company direct?,faq.application_process
What is the process to apply for simplerloan?,faq.application_process
What is the process to get finance?,faq.application_process
What is the process to start new business?,faq.application_process
What is your application process?,faq.application_process
What is your loan process?,faq.application_process
What is your process of application?,faq.application_process
What's the abcd company direct application procedure for taking the loan?,faq.application_process
What's the abcd company direct application process for taking the loan?,faq.application_process
How is the process to apply for abcd company direct?,faq.application_process
How is the procedure to apply for abcd company direct?,faq.application_process
How is the possible to take loan?,faq.application_process
How is it possible to get loan?,faq.application_process
How I can get the loan?,faq.application_process
How getting loan?,faq.application_process
How get loan?,faq.application_process
How do I applying for abcd company direct?,faq.application_process
How do I apply for loan?,faq.application_process
How do I apply?,faq.application_process
How can I take loan from your company?,faq.application_process
How can I have a business loan?,faq.application_process
How can I get the loan please tell me the process,faq.application_process
How can I get It Please Tell me for process,faq.application_process
How can I get a loan from you?,faq.application_process
How can I fill the loan application?,faq.application_process
How can I apply for the business loan?,faq.application_process
How can I apply for loan?,faq.application_process
how can I apply for loan,faq.application_process
How can I apply for abcd company direct?,faq.application_process
How can get loan,faq.application_process
The process of abcd company direct applying to get loan?,faq.application_process
The process of abcd company direct application to get loan?,faq.application_process
The procedure of this loan application to get loan?,faq.application_process
The procedure of simplerloan application to get loan?,faq.application_process
The procedure of abcd company direct applying to get loan?,faq.application_process
The procedure of abcd company direct application to get loan?,faq.application_process
Tell me the process to get this loan?,faq.application_process
Tell me the process of abcd company direct application ?,faq.application_process
Tell me the process for applying for this loan?,faq.application_process
Tell me the procedure of this loan application?,faq.application_process
Tell me the procedure of abcd company direct application ?,faq.application_process
tell me the procedure for applciation,faq.application_process
Tell me about the process to apply for simplerloan?,faq.application_process
Tell me about the process to apply for abcd company direct?,faq.application_process
Steps to get the loan,faq.application_process
Steps for availing the loan,faq.application_process
Send me your application form,faq.application_process
Process to get loan for business?,faq.application_process
Process to get business loan?,faq.application_process
Process to apply for loan?,faq.application_process
Process to apply?,faq.application_process
Process of abcd company direct applying process for getiing the loan?,faq.application_process
Need offline application form,faq.application_process
Need the details to apply for loan?,faq.application_process
Need the process for loan,faq.application_process
need to know the loan process,faq.application_process
Need your application form,faq.application_process
please guide me the with procedure of the loan?,faq.application_process
Please send application form,faq.application_process
I want to know what is process of loan for a new business,faq.application_process
I would like to know the process of application,faq.application_process
I would like to know the process of loan,faq.application_process
loan application procedure?,faq.application_process
Loan applying process?,faq.application_process
Loan apply karna hai,faq.application_process
Mobile app abcd company direct applying procedure?,faq.application_process
Mobile app loan applying procedure?,faq.application_process
Nedd help with loan procedure,faq.application_process
Need loan so how is it possible?,faq.application_process
What is process for enrolling for sodexo pass?,faq.apply_register
Give me the application process,faq.apply_register
How will I create a new account?,faq.apply_register
How do I enroll for a meal pass?,faq.apply_register
How to sign up?,faq.apply_register
How do I register?,faq.apply_register
Can you please tell me the process of sodexo pass application?,faq.apply_register
Can you please tell me the process?,faq.apply_register
Can you please tell me the procedure of this pass application?,faq.apply_register
Can you please tell me the procedure of application?,faq.apply_register
Sodexo meal pass registering process?,faq.apply_register
Sodexo pass online applying process?,faq.apply_register
Sodexo pass online applying procedure?,faq.apply_register
Apply through mobile or website?,faq.apply_register
Sodexo moblie application procedure?,faq.apply_register
Sodexo applying process?,faq.apply_register
Sodexo applying procedure?,faq.apply_register
Sodexo pass applying how?,faq.apply_register
Sodexo pass apply,faq.apply_register
Sodexo pass application process?,faq.apply_register
Sodexo pass application procedure?,faq.apply_register
How should I proceed for pass?,faq.apply_register
How do I proceed for meal pass,faq.apply_register
How to proceed for pass,faq.apply_register
What is the process for getting the pass?,faq.apply_register
Need a new meal pass how to apply,faq.apply_register
New pass needed,faq.apply_register
How to apply for a new pass,faq.apply_register
How to register for a new meal pass,faq.apply_register
How to apply for meal pass?,faq.apply_register
Process for registration,faq.apply_register
Register for premium pass,faq.apply_register
Apply for premium pass?,faq.apply_register
Register for meal pass.,faq.apply_register
How to apply?,faq.apply_register
Application process?,faq.apply_register
Registration method?,faq.apply_register
Process of application,faq.apply_register
How do I apply?,faq.apply_register
Give me the registration procedure,faq.apply_register
What form do i have to fill for enrolling into sodexo,faq.apply_register
How can i join sodexo?,faq.apply_register
How can i book my sodexo pass?,faq.apply_register
Can you guide me through your company‰Ûªs enrollment procedure,faq.apply_register
Sign up for sodexo pass/card,faq.apply_register
Apply for meal pass.,faq.apply_register
Registration process for meal pass?,faq.apply_register
Application process for meal pass?,faq.apply_register
How to apply/register?,faq.apply_register
What is the registration process?,faq.apply_register
How do i utilize serves provided by your company,faq.apply_register
Process of signing up for sodexo,faq.apply_register
Hw do i register?,faq.apply_register
Can i signup here?,faq.apply_register
Cn u hlp me with registration?,faq.apply_register
Where can I apply or register for a Sodexo card?,faq.apply_register
How to register?,faq.apply_register
Process of registering?,faq.apply_register
How do I apply for meal pass?,faq.apply_register
What is the application process?,faq.apply_register
Apply kaise kare?,faq.apply_register
Application method?,faq.apply_register
Time it takes to get the loan to be approved?,faq.approval_time
Time it will take to get a loan approval?,faq.approval_time
Time it will take to get a loan sanctioned?,faq.approval_time
Time needed for the loan approved?,faq.approval_time
Time needed for the loan granted?,faq.approval_time
Time need for the loan approval?,faq.approval_time
Time required for loan approval?,faq.approval_time
Why is this approval taking so much time?,faq.approval_time
What's the time you take for approving any loan,faq.approval_time
What's the time you need to sanction my loan,faq.approval_time
What's the time you need to approve my loan,faq.approval_time
What is the time duration for approval?,faq.approval_time
What is the approval time for this loan?,faq.approval_time
Wh are you taking so time time for approval?,faq.approval_time
Too much time for approval,faq.approval_time
Time you need for giving me a loan granted?,faq.approval_time
Time you need for giving me a loan approved?,faq.approval_time
Time you'd take for process the loan sanction,faq.approval_time
For this loan what is the approval time?,faq.approval_time
How long does it take for a loan to be approved?,faq.approval_time
How long will it take to get the money after loan has been sanctioned?,faq.approval_time
How long will it time required after the loan has been granted?,faq.approval_time
How long will you take to give me loan amount after the loan has been approved?,faq.approval_time
How many days does loan approval take?,faq.approval_time
How many days will loan approval take?,faq.approval_time
How much time does it take for loan approval?,faq.approval_time
How much time for approval of loan?,faq.approval_time
How much time is needed for approval of loan?,faq.approval_time
How much time will be required for loan approval?,faq.approval_time
How much time will it take to approve my loan?,faq.approval_time
How much time will it take to sanction my loan?,faq.approval_time
how much time you are going to to take for approval of loan?,faq.approval_time
How much time you need to give me loan amount after the loan is approved?,faq.approval_time
How much time you need to give me money after the loan is approved?,faq.approval_time
In how many days after submitting is the loan approved?,faq.approval_time
In how many days is the the loan approved?,faq.approval_time
In how much time can you you give the loan,faq.approval_time
In how much time will I get loan after applying?,faq.approval_time
Loan approval is taking lot of time,faq.approval_time
Loan approval takes how much time?,faq.approval_time
Loan is approved in how many days?,faq.approval_time
The loan approval is going for a long time,faq.approval_time
Time for approval is very much,faq.approval_time
Time it takes to get the loan to be granted?,faq.approval_time
Time you need for approval,faq.approval_time
Time you'd take for process the loan approval,faq.approval_time
Time required for loan sanction process,faq.approval_time
Time required for loan approval process,faq.approval_time
After applying in how much time will I get loan?,faq.approval_time
After applying loan will get in how much time?,faq.approval_time
After loan application how much time required?,faq.approval_time
After the loan process how much time is required?,faq.approval_time
After the process how much time needed?,faq.approval_time
Already applied in how much time will I get loan?,faq.approval_time
Approval is taking very much time...,faq.approval_time
Approval time is too long.,faq.approval_time
Approval time is very much,faq.approval_time
For approval of loan how much time is required?,faq.approval_time
For getting this loan what is the time required for approval?,faq.approval_time
For loan approval how much time will be required?,faq.approval_time
for loan what is the approval time?,faq.approval_time
For long time loan approval is going on,faq.approval_time
you cannot help me,faq.bad_service
I don't get response,faq.bad_service
Really bad support,faq.bad_service
No response from your side,faq.bad_service
Have not recieved responses,faq.bad_service
Do not recieved any response from you guys,faq.bad_service
You don't respond to my emails,faq.bad_service
You guys have a really bad service,faq.bad_service
No response of my emails,faq.bad_service
You have not responded to my email queries,faq.bad_service
abcd company has a bad support,faq.bad_service
You have a bad support,faq.bad_service
You really have a bad service,faq.bad_service
Bad service you have,faq.bad_service
I cannot find my current bank in net banking option,faq.banking_option_missing
In net banking option I cannot find my bank,faq.banking_option_missing
In net banking option I cannot find my current bank,faq.banking_option_missing
My bank is not available in net banking option,faq.banking_option_missing
My bank is not present in net banking choice,faq.banking_option_missing
My bank is not present in net banking option,faq.banking_option_missing
Bank is not there in banking options?,faq.banking_option_missing
My bank is not supported,faq.banking_option_missing
My bank is not there in options,faq.banking_option_missing
My bank option is missing?,faq.banking_option_missing
My current bank is not present in net banking option,faq.banking_option_missing
Can you tell me why is my curent bank not present in net banking option?,faq.banking_option_missing
My pank is missing from options?,faq.banking_option_missing
No my bank is not present in the options,faq.banking_option_missing
Why is my current bank not available in net banking option?,faq.banking_option_missing
Why is my current bank not present in Net banking option?,faq.banking_option_missing
Why is my current bank not present in online banking choice?,faq.banking_option_missing
Why is my current bank not showing in the net banking option,faq.banking_option_missing
Why si my bank not supported,faq.banking_option_missing
Will I need an account of a specific bank for making the loan application?,faq.banking_option_missing
Can you tell me why is my current bank not present in online banking choice?,faq.banking_option_missing
Do I need to have an account of a certain bank for making the loan application because my bank is not avalable in net banking option,faq.banking_option_missing
Do I need to have an account of a specific bank for making the loan application?,faq.banking_option_missing
For making loan application do I need to have an account on a certain bank as my bank is not showing up in net banking option,faq.banking_option_missing
For making loan application do I need to have an account on a specific bank?,faq.banking_option_missing
For making loan application do I need to have an account on a specific bank because my bank is not present in net banking option,faq.banking_option_missing
For the application of Loan will I have to make an account on a certain bank as in the net banking option my current bank is not available,faq.banking_option_missing
Help me because I cannot find my bank in net banking option,faq.banking_option_missing
Help me because I cannot find my current bank in net banking option,faq.banking_option_missing
How should I proceed as I cannot find my bank in online banking choices?,faq.banking_option_missing
I cannot find my bank in Net banking.,faq.banking_option_missing
I cannot find my bank in net banking option,faq.banking_option_missing
In net banking choice I cannot find my bank?,faq.banking_option_missing
Bank is not there in the options,faq.banking_option_missing
Bank not there on the options,faq.banking_option_missing
cannot find my bank in net banking choice,faq.banking_option_missing
Cannot find my bank in netbanking option,faq.banking_option_missing
Bank is not supported by you,faq.banking_option_missing
Bank is not present in the options,faq.banking_option_missing
You do no support my bank,faq.banking_option_missing
Would I need an account with a specific bank to make the loan application?,faq.banking_option_missing
Will I need an account of a specific bank for making the loan application as I cannot find my current bank in net banking option?,faq.banking_option_missing
Why is my bank not showing in the online banking choice?,faq.banking_option_missing
Why is my bank not showing in the net banking option,faq.banking_option_missing
Why is my bank not present in Net banking option?,faq.banking_option_missing
Why is my bank is not present in net banking option?,faq.banking_option_missing
Why is my bank is not present in net banking choices?,faq.banking_option_missing
Why is my bank is not available in net banking option?,faq.banking_option_missing
There is not my bank is net banking option?,faq.banking_option_missing
There are Issues with net banking,faq.banking_option_missing
Some Issues coming with net banking,faq.banking_option_missing
Please tell me why is my current bank not present in net banking option?,faq.banking_option_missing
Please tell me why is my curent bank not present in net banking option?,faq.banking_option_missing
Please tell me why is my curent bank not available in net banking option?,faq.banking_option_missing
What should I enter if my business category is not presented in the choices?,faq.biz_category_missing
Cannot find Industry Type.,faq.biz_category_missing
Cannot find Industry Type on the options.,faq.biz_category_missing
Category I'm in is not present in the options,faq.biz_category_missing
I cannot find my Business Category / Business Type in the options provided. What should I enter?,faq.biz_category_missing
My business is not present on the category list,faq.biz_category_missing
What should I enter if my business category is not presented in the options?,faq.biz_category_missing
What should I enter if my business type is not presented in the options?,faq.biz_category_missing
What to do as my business is not listed in the options?,faq.biz_category_missing
What to do as my business is not listed on the categories?,faq.biz_category_missing
What to do if my business category is not in the options?,faq.biz_category_missing
What to enter if my my business category is not listed?,faq.biz_category_missing
What to enter if my my business type is not listed?,faq.biz_category_missing
Which option should I choose If my business category is not present?,faq.biz_category_missing
"Actually the business category I'm in is not present in the choices, What should I do?",faq.biz_category_missing
"Actualy the business category I'm in is not present in the options, What should I do?",faq.biz_category_missing
if my business category is not present in the options,faq.biz_category_missing
Industry Type is not there in the options.,faq.biz_category_missing
"In the business category my business is not listed, What to do?",faq.biz_category_missing
"In the business type my business is not listed, What to do?",faq.biz_category_missing
In the options cannot find Industry Type.,faq.biz_category_missing
"In the options provided business category is not present, What should I do?",faq.biz_category_missing
"My biz category is missing in the options, What can I do?",faq.biz_category_missing
"My Business category is missing in the choices, What can I do?",faq.biz_category_missing
My Business category is missing in the options.,faq.biz_category_missing
"My Business category is missing in the options, What can I do?",faq.biz_category_missing
My business category is not there.,faq.biz_category_missing
My business category missing from the options.,faq.biz_category_missing
My business if different form the choices,faq.biz_category_missing
My business is not listed in the options.,faq.biz_category_missing
My business is not present on the category options.,faq.biz_category_missing
My business is not there in category,faq.biz_category_missing
"My Business type is missing in the options, What can I do?",faq.biz_category_missing
The business I'm in is not there on the category list,faq.biz_category_missing
"What can I do, even if my business category is not present in the choices?",faq.biz_category_missing
"What can I do, even if my business category is not present in the options?",faq.biz_category_missing
What should I enter if my biz type is not presented in the options?,faq.biz_category_missing
"Business category is not there in the options, Which option should I chosse now ?",faq.biz_category_missing
Business category missing from the options,faq.biz_category_missing
Business category missing from the options. What should I do?,faq.biz_category_missing
new companies can also apply?,faq.biz_new
Can I get loan for new enterprise?,faq.biz_new
Can I get loan for new venture,faq.biz_new
Can i get loan for start new business?,faq.biz_new
can i get loan to start new business?,faq.biz_new
Can new businesses also apply for loan?,faq.biz_new
Can new companies apply for loan?,faq.biz_new
I just opened a new business,faq.biz_new
I'm a beginner in business,faq.biz_new
I'm new in business so I can get loan?,faq.biz_new
I'm planning to start up,faq.biz_new
I'm starting business,faq.biz_new
I started my business last week,faq.biz_new
I started my business started last month,faq.biz_new
i started one my company last week,faq.biz_new
I starting new firm for business,faq.biz_new
I starting new firm for new business,faq.biz_new
Its a fresh company,faq.biz_new
i want create a business,faq.biz_new
i want the money to start a new business,faq.biz_new
I want to open a business,faq.biz_new
I want to open an enterprise,faq.biz_new
I want to start a business.,faq.biz_new
I want to start a service,faq.biz_new
I want to start a small business can you give me loan?,faq.biz_new
I want to start my business so need loan,faq.biz_new
I want to start my own enterprise,faq.biz_new
Loan available for company less than one year,faq.biz_new
Loan available for setting up new business,faq.biz_new
Loan for new business?,faq.biz_new
Loan give to start business now?,faq.biz_new
Loan is available for new businesses?,faq.biz_new
My business is new,faq.biz_new
My business is relatively new,faq.biz_new
my company is started 1 month before,faq.biz_new
My company just started months ago,faq.biz_new
Need to start own venture,faq.biz_new
New business can get loan?,faq.biz_new
New businesses can also apply for loans?,faq.biz_new
New businesses can get loans?,faq.biz_new
Can any fresher apply for loan?,faq.biz_new
New company can apply for loan?,faq.biz_new
Newly opened company,faq.biz_new
New venture can get loan?,faq.biz_new
Now starting a new business,faq.biz_new
Recently started my company,faq.biz_new
Sir I have opened new business,faq.biz_new
Started my company last month,faq.biz_new
Starting a business now,faq.biz_new
Starting a new business,faq.biz_new
The business I have is not so old,faq.biz_new
The business is relatively new,faq.biz_new
To start a business can you give me loan?,faq.biz_new
Want to build a new empire,faq.biz_new
Want to start a business,faq.biz_new
Want to start a business and need loan for that,faq.biz_new
Want to start a new venture,faq.biz_new
Want to start business needs loan for that,faq.biz_new
What to start new business for which I want loan?,faq.biz_new
Will you me loan to start my own business?,faq.biz_new
Would like to start a small company. Need loan for that.,faq.biz_new
New in business so can I get loan?,faq.biz_new
Apna business open karna hai sir,faq.biz_new
Business start karna hai,faq.biz_new
Business shuru karna hai,faq.biz_new
this is my first business,faq.biz_new
I am starting an online business,faq.biz_new
Can a new business get a loan from you?,faq.biz_new
This loan would be good for my business?,faq.biz_simpler
this loan is available to all kinds of business?,faq.biz_simpler
This loan caters to which kind of businesses?,faq.biz_simpler
The types of companies you give loan to,faq.biz_simpler
The loan you give is right for my company?,faq.biz_simpler
The kind of companies you give the loan?,faq.biz_simpler
The categories of company you give the loan to,faq.biz_simpler
Tell me the types of companies to which you give loan,faq.biz_simpler
Tell me the types of companies that can use this loan?,faq.biz_simpler
Tell me the types of companies that can use abcd company direct?,faq.biz_simpler
Tell me the business that I take loan from you?,faq.biz_simpler
Tell me the business that can use this loan?,faq.biz_simpler
Tell me the business that can use abcd company direct?,faq.biz_simpler
Providing loan is available for all kind of biz?,faq.biz_simpler
Only business who can apply for abcd company direct from abcd company?,faq.biz_simpler
Number of companies to give  the loan too,faq.biz_simpler
My business can avail abcd company direct from abcd company?,faq.biz_simpler
My biz can apply for loan?,faq.biz_simpler
Loan you give is to which types of companies?,faq.biz_simpler
Loan will be offered to which types of business?,faq.biz_simpler
Loan is provided to which type of businesses?,faq.biz_simpler
Loan is provided for which businesses?,faq.biz_simpler
loan is given to which firms?,faq.biz_simpler
Loan is given by you for which companies,faq.biz_simpler
loan can used by which business?,faq.biz_simpler
Loan can be taken by me?,faq.biz_simpler
Loan available for business like ours?,faq.biz_simpler
Keep simple tp,faq.biz_simpler
Is this type of loan right for my business?,faq.biz_simpler
Is this loan right for mine business?,faq.biz_simpler
Is Loan good for my business?,faq.biz_simpler
Is abcd company direct right for my business?,faq.biz_simpler
Is abcd company direct good for my business?,faq.biz_simpler
Is abcd company direct appropriate for my business?,faq.biz_simpler
I have a proprietorship. Can I apply?,faq.biz_simpler
I have a private company. Can I apply?,faq.biz_simpler
How is abcd company direct right for my business?,faq.biz_simpler
From you can I take the loan?,faq.biz_simpler
For what type of business this loan is provided?,faq.biz_simpler
Firms which can apply for this loan?,faq.biz_simpler
Do you offer loan to business like ours?,faq.biz_simpler
Can my business take loan from you?,faq.biz_simpler
Can my business avail abcd company direct?,faq.biz_simpler
Which business can take loan from you?,faq.biz_simpler
What types of companies do you give loans to?,faq.biz_simpler
What types of businesses does your loan caters?,faq.biz_simpler
What kind of companies use this loan,faq.biz_simpler
What kind of companies use abcd company direct,faq.biz_simpler
Can I take the business loan from your company?,faq.biz_simpler
Can I take the business loan from you?,faq.biz_simpler
Can I take loan from your company?,faq.biz_simpler
Can can be taken by any business?,faq.biz_simpler
Businesses which can avail services of abcd company direct?,faq.biz_simpler
Any business can take this loan?,faq.biz_simpler
abcd company provides loan to which type of business?,faq.biz_simpler
abcd company is for providing loan and is available for all kind of biz?,faq.biz_simpler
abcd company gives loan to which kind to businesses?,faq.biz_simpler
abcd company direct would be suitable for my business?,faq.biz_simpler
abcd company direct will be offered to which types of business?,faq.biz_simpler
abcd company direct is given to which of the businesses?,faq.biz_simpler
abcd company direct is given to what kind of businesses?,faq.biz_simpler
abcd company direct is delivered for what kinds of businesses?,faq.biz_simpler
abcd company direct is available for my business?,faq.biz_simpler
abcd company direct could be used for what type of business?,faq.biz_simpler
abcd company direct caters to what kind of business?,faq.biz_simpler
abcd company direct can used by which business?,faq.biz_simpler
abcd company direct can be used in my business?,faq.biz_simpler
abcd company direct can be used by which of the businesses?,faq.biz_simpler
abcd company direct can be used by business of which types?,faq.biz_simpler
Is this loan give only to firms?,faq.biz_simpler
Can my business apply for abcd company direct?,faq.biz_simpler
Who can take loan from abcd company?,faq.biz_simpler
this loan give only to business?,faq.biz_simpler
this loan give only to businesses?,faq.biz_simpler
this loan give only to companies?,faq.biz_simpler
What kind of business can take loan from you?,faq.biz_simpler
Types of companies you give loans to?,faq.biz_simpler
Types of business which can apply for this loan of abcd company?,faq.biz_simpler
Types of business that can have loan from you?,faq.biz_simpler
Types of business that can have loan?,faq.biz_simpler
Types of businesses which can apply for loan from your company?,faq.biz_simpler
Which businesses does this loan caters to?,faq.biz_simpler
Which type of business can apply for abcd company direct?,faq.biz_simpler
Which types of business can have loan from you?,faq.biz_simpler
Who can apply for abcd company direct?,faq.biz_simpler
Who can take loan from abcd company?,faq.biz_simpler
You will provide your loan to us?,faq.biz_simpler
Your company gives loan to what kind of businesses?,faq.biz_simpler
You provide loan of which business?,faq.biz_simpler
You give loan to which types of business?,faq.biz_simpler
Would abcd company direct be right for my business,faq.biz_simpler
Will you give me your loan?,faq.biz_simpler
To which types of companies do you give loans,faq.biz_simpler
To which types of businesses do you offer loan?,faq.biz_simpler
How much amount of money can I have?,faq.borrow_limit
"How much can I borrow, and for how long?",faq.borrow_limit
Amount given for loan?,faq.borrow_limit
Amount I can borrow from this loan?,faq.borrow_limit
Amount I can have as loan?,faq.borrow_limit
Amount I can take as loan?,faq.borrow_limit
Amount of loan that I can take?,faq.borrow_limit
How much loan amount can I get?,faq.borrow_limit
Amount of money I can take as a loan?,faq.borrow_limit
Amount of money I can take as loan?,faq.borrow_limit
Amount of money I have as loan from abcd company?,faq.borrow_limit
How much loan amount can I take from you?,faq.borrow_limit
Borrowing limit?,faq.borrow_limit
Borrow limit?,faq.borrow_limit
Can you send me the info about money I can have from this loan?,faq.borrow_limit
Different loan amounts I can have as loan?,faq.borrow_limit
Final limit of money I can take as a loan?,faq.borrow_limit
For how long can I have your borrowed money?,faq.borrow_limit
How much amount I can get?,faq.borrow_limit
Is there any limit on loan I can have?,faq.borrow_limit
I can have what type of loan amount?,faq.borrow_limit
How much money can I take as loan?,faq.borrow_limit
How much loan can I get?,faq.borrow_limit
How much loan can I get ?,faq.borrow_limit
How much loan amount I can get?,faq.borrow_limit
How much loan amount can I take as a loan?,faq.borrow_limit
Amount till which you give loans to busineses?,faq.borrow_limit
As a loan how much loan amount can I take?,faq.borrow_limit
As a loan how much money can I have?,faq.borrow_limit
As loan how money can I have?,faq.borrow_limit
When will I have to give back the loan amount I take from abcd company direct?,faq.borrow_limit
What si the borrow limit?,faq.borrow_limit
What loan amount I can get as loan?,faq.borrow_limit
What is your borrowing limit?,faq.borrow_limit
What is the total amount I can borrow from this loan?,faq.borrow_limit
What is the money I can borrow from this loan?,faq.borrow_limit
What is the loan amount I can take as loan?,faq.borrow_limit
What is the limit of loan I can have?,faq.borrow_limit
What is money I Can take as a loan?,faq.borrow_limit
What is amount you give money to businesses?,faq.borrow_limit
What are the loan amounts that I can have?,faq.borrow_limit
What are the different loan amount I can have?,faq.borrow_limit
What amount of loan I can take from you?,faq.borrow_limit
Total money I can borrow from your loan?,faq.borrow_limit
Total amount of money I can have from your simplerloan?,faq.borrow_limit
Total amount of money I can have from your abcd company direct?,faq.borrow_limit
Total amount I can borrow from your loan?,faq.borrow_limit
Till what amount do you give loan?,faq.borrow_limit
Till amount which you give loan to businesses?,faq.borrow_limit
Tell me the money I can borrow from the loan?,faq.borrow_limit
Tell me the loan amount I can take from you?,faq.borrow_limit
Tell me the limit on loan that I have?,faq.borrow_limit
What is the borrowing limit?,faq.borrow_limit
Loan amount I can take from you?,faq.borrow_limit
Loan amount I can have?,faq.borrow_limit
Limit of money I can take as loan?,faq.borrow_limit
Need information about the money I can take from simplerloan?,faq.borrow_limit
Please send information about the amount of money I can have from this loan?,faq.borrow_limit
Please send information about the money I can have from this loan?,faq.borrow_limit
Need information about the money I can take from abcd company direct?,faq.borrow_limit
Need information about the amount I can take from this loan?,faq.borrow_limit
Need information about the amount I can take from abcd company direct?,faq.borrow_limit
Need details about how much money I can take from abcd company direct?,faq.borrow_limit
Need details about how much money I can take?,faq.borrow_limit
Need details about how much amount I can take from this loan?,faq.borrow_limit
Need details about how much amount I can take from abcd company direct?,faq.borrow_limit
Most money I can have as loan?,faq.borrow_limit
Money I can borrow from your company?,faq.borrow_limit
Money I can borrow from this loan?,faq.borrow_limit
Please tell me the amount I can borrow?,faq.borrow_limit
Please tell me the amount I can borrow from abcd company direct?,faq.borrow_limit
Please tell me the amount I can borrow from this loan?,faq.borrow_limit
Please tell me the money I can borrow from abcd company direct?,faq.borrow_limit
Send info about the amount I can have from this loan?,faq.borrow_limit
Send info about the money I can have from this loan?,faq.borrow_limit
Tell me the amount I can borrow from the loan?,faq.borrow_limit
borrow money given can used by me for which purposes?,faq.borrow_use
Can this borrowed amount be used for business purposes?,faq.borrow_use
Can this borrowed amount be used for business reasons?,faq.borrow_use
Cases in which abcd company direct would be used be me,faq.borrow_use
Different objectives I can do with abcd company direct?,faq.borrow_use
Different purposes this borrowed amount can be used?,faq.borrow_use
Different purposes this borrowed money can be used?,faq.borrow_use
Different reasons this borrowed amount can be used?,faq.borrow_use
Different reasons this borrowed money can be used?,faq.borrow_use
For what functions can I use abcd company direct?,faq.borrow_use
For what functions can I use this loan?,faq.borrow_use
For what purposes can I use abcd company direct?,faq.borrow_use
For what purposes can I use the borrowed amount?,faq.borrow_use
For what purposes can I use the borrow money?,faq.borrow_use
Which purposes can this borrowed amount be used for?,faq.borrow_use
Which objectives can I fulfill with abcd company direct?,faq.borrow_use
Where would I use you this loan?,faq.borrow_use
Where would I use you abcd company direct?,faq.borrow_use
Where to use abcd company direct money?,faq.borrow_use
Where can I use this money from loan?,faq.borrow_use
Where can I use this loan?,faq.borrow_use
Where can I use the loan money?,faq.borrow_use
Where can I use the loan?,faq.borrow_use
Where can I used the loaned amount?,faq.borrow_use
Where can I use abcd company direct,faq.borrow_use
What can I use the money?,faq.borrow_use
What can I use the loan money for?,faq.borrow_use
What can I use the loan amount for?,faq.borrow_use
What can I use the borrowed money for? What can I not use the borrowed money for?,faq.borrow_use
What can I use the borrowed money for?,faq.borrow_use
What are the various purposes that abcd company direct can be used for?,faq.borrow_use
What are the various functions that abcd company direct can be used for?,faq.borrow_use
What are the different things where abcd company direct is benificial?,faq.borrow_use
What are the different things that abcd company direct can be used for,faq.borrow_use
What are the different reasons this borrowed amount is valid?,faq.borrow_use
What are the different purposes this borrowed money is valid?,faq.borrow_use
What are the different purposes this borrowed amount is valid?,faq.borrow_use
What are the different objectives can I fulfill with abcd company direct,faq.borrow_use
Various reasons I can use the borrow money?,faq.borrow_use
Various reasons I can use the borrowed amount?,faq.borrow_use
Various purposes I can use the borrowed amount?,faq.borrow_use
Use cases for this loan?,faq.borrow_use
Use cases for abcd company direct,faq.borrow_use
Which purposes can this borrowed money be used for?,faq.borrow_use
if i am a stock market trader then can i get the loan,faq.borrow_use
stock market trader then can i get the loan,faq.borrow_use
stock market trader i need loan,faq.borrow_use
stock market trader i need loan from abcd company,faq.borrow_use
From abcd company i need loan and i'm in trading,faq.borrow_use
Loan amount can be used where?,faq.borrow_use
can i get loan for trading in stocks,faq.borrow_use
Need loan for trading,faq.borrow_use
For what reasons can I use abcd company direct?,faq.borrow_use
For what reasons can I use the borrowed amount?,faq.borrow_use
For what scenarios will abcd company direct help?,faq.borrow_use
For what scenarios will this loan help?,faq.borrow_use
For which functions will I use abcd company direct?,faq.borrow_use
For which functions will I use this loan?,faq.borrow_use
For which of the purposes will I use abcd company direct?,faq.borrow_use
I can use the borrowed amount for what purpose?,faq.borrow_use
I can use the borrowed amount for what reason?,faq.borrow_use
In which scenarios would be abcd company direct useful?,faq.borrow_use
In which scenarios would be this loan useful?,faq.borrow_use
Is there any restriction on how I use the borrowed money for?,faq.borrow_use
Loan amount can be used for doing what?,faq.borrow_use
can i get loan for trading,faq.borrow_use
Loan can be used for which purposes?,faq.borrow_use
Loan I can use for which purposes?,faq.borrow_use
Loan money Can be used where?,faq.borrow_use
Loan money use?,faq.borrow_use
loan would be used by me for which purposes?,faq.borrow_use
Money of the loan can be used where?,faq.borrow_use
Money taken by abcd company direct can be used where?,faq.borrow_use
Need to taking abcd company direct?,faq.borrow_use
Objective I can achieve by using abcd company direct?,faq.borrow_use
Objective I can achieve by using this loan?,faq.borrow_use
Please tell me where can I use abcd company direct,faq.borrow_use
projects can I use the borrowed amount in ?,faq.borrow_use
Purposes I can use the borrowed amount for?,faq.borrow_use
reasons I can use the borrowed amount for?,faq.borrow_use
Tell me the places where I can use the loaned amount?,faq.borrow_use
Tell me what can I do with the loaned amount?,faq.borrow_use
Tell me which objectives can I fulfill with abcd company direct?,faq.borrow_use
The loaned amount can be used where?,faq.borrow_use
Things for which abcd company direct would be useful?,faq.borrow_use
Why to take abcd company direct?,faq.borrow_use
Which reasons can this borrowed money be used for?,faq.borrow_use
Amount granted by abcd company direct can be used by me for which purposes?,faq.borrow_use
abcd company direct would be used by me for which purposes?,faq.borrow_use
abcd company direct would be used by me for which functions,faq.borrow_use
abcd company direct would be used by me for what purposes?,faq.borrow_use
abcd company direct would be benificial for me in which purposes,faq.borrow_use
abcd company direct can be use for which scenarios?,faq.borrow_use
abcd company direct can be use for which purposes?,faq.borrow_use
abcd company direct can be used by me for what purposes?,faq.borrow_use
abcd company direct can be used by me for what kind of functions?,faq.borrow_use
this loan would be used by me for which functions,faq.borrow_use
Amount I can use for what reasons?,faq.borrow_use
borrowed amount can be used for which of the purposes?,faq.borrow_use
borrowed amount given can used by me for what reasons?,faq.borrow_use
borrowed amount given can used by me for which purposes?,faq.borrow_use
borrowed money can be used for which of the purposes?,faq.borrow_use
borrow money given can used by me for what reasons?,faq.borrow_use